"rgn_id","product","year","usd"
2,"fish_oil",1976,1737.33333333333
9,"fish_oil",1976,1737.33333333333
6,"fish_oil",1976,1737.33333333333
1,"fish_oil",1976,1737.33333333333
4,"fish_oil",1976,1737.33333333333
8,"fish_oil",1976,1737.33333333333
5,"fish_oil",1976,1737.33333333333
7,"fish_oil",1976,1737.33333333333
10,"fish_oil",1976,1737.33333333333
3,"fish_oil",1976,1737.33333333333
2,"fish_oil",1977,1788.5
9,"fish_oil",1977,1788.5
6,"fish_oil",1977,1788.5
1,"fish_oil",1977,1788.5
4,"fish_oil",1977,1788.5
8,"fish_oil",1977,1788.5
5,"fish_oil",1977,1788.5
7,"fish_oil",1977,1788.5
10,"fish_oil",1977,1788.5
3,"fish_oil",1977,1788.5
2,"fish_oil",1978,1816.25
9,"fish_oil",1978,1816.25
6,"fish_oil",1978,1816.25
1,"fish_oil",1978,1816.25
4,"fish_oil",1978,1816.25
8,"fish_oil",1978,1816.25
5,"fish_oil",1978,1816.25
7,"fish_oil",1978,1816.25
10,"fish_oil",1978,1816.25
3,"fish_oil",1978,1816.25
2,"fish_oil",1979,1883.5
9,"fish_oil",1979,1883.5
6,"fish_oil",1979,1883.5
1,"fish_oil",1979,1883.5
4,"fish_oil",1979,1883.5
8,"fish_oil",1979,1883.5
5,"fish_oil",1979,1883.5
7,"fish_oil",1979,1883.5
10,"fish_oil",1979,1883.5
3,"fish_oil",1979,1883.5
2,"fish_oil",1980,2199.75
9,"fish_oil",1980,2199.75
6,"fish_oil",1980,2199.75
1,"fish_oil",1980,2199.75
4,"fish_oil",1980,2199.75
8,"fish_oil",1980,2199.75
5,"fish_oil",1980,2199.75
7,"fish_oil",1980,2199.75
10,"fish_oil",1980,2199.75
3,"fish_oil",1980,2199.75
2,"fish_oil",1981,2053
9,"fish_oil",1981,2053
6,"fish_oil",1981,2053
1,"fish_oil",1981,2053
4,"fish_oil",1981,2053
8,"fish_oil",1981,2053
5,"fish_oil",1981,2053
7,"fish_oil",1981,2053
10,"fish_oil",1981,2053
3,"fish_oil",1981,2053
2,"fish_oil",1982,1988.5
9,"fish_oil",1982,1988.5
6,"fish_oil",1982,1988.5
1,"fish_oil",1982,1988.5
4,"fish_oil",1982,1988.5
8,"fish_oil",1982,1988.5
5,"fish_oil",1982,1988.5
7,"fish_oil",1982,1988.5
10,"fish_oil",1982,1988.5
3,"fish_oil",1982,1988.5
2,"fish_oil",1983,3107.5
9,"fish_oil",1983,3107.5
6,"fish_oil",1983,3107.5
1,"fish_oil",1983,3107.5
4,"fish_oil",1983,3107.5
8,"fish_oil",1983,3107.5
5,"fish_oil",1983,3107.5
7,"fish_oil",1983,3107.5
10,"fish_oil",1983,3107.5
3,"fish_oil",1983,3107.5
2,"fish_oil",1984,3603.75
9,"fish_oil",1984,3603.75
6,"fish_oil",1984,3603.75
1,"fish_oil",1984,3603.75
4,"fish_oil",1984,3603.75
8,"fish_oil",1984,3603.75
5,"fish_oil",1984,3603.75
7,"fish_oil",1984,3603.75
10,"fish_oil",1984,3603.75
3,"fish_oil",1984,3603.75
2,"fish_oil",1985,3961.75
9,"fish_oil",1985,3961.75
6,"fish_oil",1985,3961.75
1,"fish_oil",1985,3961.75
4,"fish_oil",1985,3961.75
8,"fish_oil",1985,3961.75
5,"fish_oil",1985,3961.75
7,"fish_oil",1985,3961.75
10,"fish_oil",1985,3961.75
3,"fish_oil",1985,3961.75
2,"fish_oil",1986,4182.25
9,"fish_oil",1986,4182.25
6,"fish_oil",1986,4182.25
1,"fish_oil",1986,4182.25
4,"fish_oil",1986,4182.25
8,"fish_oil",1986,4182.25
5,"fish_oil",1986,4182.25
7,"fish_oil",1986,4182.25
10,"fish_oil",1986,4182.25
3,"fish_oil",1986,4182.25
2,"fish_oil",1987,3293.5
9,"fish_oil",1987,3293.5
6,"fish_oil",1987,3293.5
1,"fish_oil",1987,3293.5
4,"fish_oil",1987,3293.5
8,"fish_oil",1987,3293.5
5,"fish_oil",1987,3293.5
7,"fish_oil",1987,3293.5
10,"fish_oil",1987,3293.5
3,"fish_oil",1987,3293.5
2,"fish_oil",1988,3368
9,"fish_oil",1988,3368
6,"fish_oil",1988,3368
1,"fish_oil",1988,3368
4,"fish_oil",1988,3368
8,"fish_oil",1988,3368
5,"fish_oil",1988,3368
7,"fish_oil",1988,3368
10,"fish_oil",1988,3368
3,"fish_oil",1988,3368
2,"fish_oil",1989,4152.5
9,"fish_oil",1989,4152.5
6,"fish_oil",1989,4152.5
1,"fish_oil",1989,4152.5
4,"fish_oil",1989,4152.5
8,"fish_oil",1989,4152.5
5,"fish_oil",1989,4152.5
7,"fish_oil",1989,4152.5
10,"fish_oil",1989,4152.5
3,"fish_oil",1989,4152.5
2,"fish_oil",1990,5654.75
9,"fish_oil",1990,5654.75
6,"fish_oil",1990,5654.75
1,"fish_oil",1990,5654.75
4,"fish_oil",1990,5654.75
8,"fish_oil",1990,5654.75
5,"fish_oil",1990,5654.75
7,"fish_oil",1990,5654.75
10,"fish_oil",1990,5654.75
3,"fish_oil",1990,5654.75
2,"fish_oil",1991,6860.25
9,"fish_oil",1991,6860.25
6,"fish_oil",1991,6860.25
1,"fish_oil",1991,6860.25
4,"fish_oil",1991,6860.25
8,"fish_oil",1991,6860.25
5,"fish_oil",1991,6860.25
7,"fish_oil",1991,6860.25
10,"fish_oil",1991,6860.25
3,"fish_oil",1991,6860.25
2,"fish_oil",1992,7431.75
9,"fish_oil",1992,7431.75
6,"fish_oil",1992,7431.75
1,"fish_oil",1992,7431.75
4,"fish_oil",1992,7431.75
8,"fish_oil",1992,7431.75
5,"fish_oil",1992,7431.75
7,"fish_oil",1992,7431.75
10,"fish_oil",1992,7431.75
3,"fish_oil",1992,7431.75
2,"fish_oil",1993,7634
9,"fish_oil",1993,7634
6,"fish_oil",1993,7634
1,"fish_oil",1993,7634
4,"fish_oil",1993,7634
8,"fish_oil",1993,7634
5,"fish_oil",1993,7634
7,"fish_oil",1993,7634
10,"fish_oil",1993,7634
3,"fish_oil",1993,7634
2,"fish_oil",1994,7715.75
9,"fish_oil",1994,7715.75
6,"fish_oil",1994,7715.75
1,"fish_oil",1994,7715.75
4,"fish_oil",1994,7715.75
8,"fish_oil",1994,7715.75
5,"fish_oil",1994,7715.75
7,"fish_oil",1994,7715.75
10,"fish_oil",1994,7715.75
3,"fish_oil",1994,7715.75
2,"fish_oil",1995,7832
9,"fish_oil",1995,7832
6,"fish_oil",1995,7832
1,"fish_oil",1995,7832
4,"fish_oil",1995,7832
8,"fish_oil",1995,7832
5,"fish_oil",1995,7832
7,"fish_oil",1995,7832
10,"fish_oil",1995,7832
3,"fish_oil",1995,7832
2,"fish_oil",1996,7179.75
9,"fish_oil",1996,7179.75
6,"fish_oil",1996,7179.75
1,"fish_oil",1996,7179.75
4,"fish_oil",1996,7179.75
8,"fish_oil",1996,7179.75
5,"fish_oil",1996,7179.75
7,"fish_oil",1996,7179.75
10,"fish_oil",1996,7179.75
3,"fish_oil",1996,7179.75
2,"fish_oil",1997,6752.25
9,"fish_oil",1997,6752.25
6,"fish_oil",1997,6752.25
1,"fish_oil",1997,6752.25
4,"fish_oil",1997,6752.25
8,"fish_oil",1997,6752.25
5,"fish_oil",1997,6752.25
7,"fish_oil",1997,6752.25
10,"fish_oil",1997,6752.25
3,"fish_oil",1997,6752.25
2,"fish_oil",1998,5452
9,"fish_oil",1998,5452
6,"fish_oil",1998,5452
1,"fish_oil",1998,5452
4,"fish_oil",1998,5452
8,"fish_oil",1998,5452
5,"fish_oil",1998,5452
7,"fish_oil",1998,5452
10,"fish_oil",1998,5452
3,"fish_oil",1998,5452
2,"fish_oil",1999,5573.75
9,"fish_oil",1999,5573.75
6,"fish_oil",1999,5573.75
1,"fish_oil",1999,5573.75
4,"fish_oil",1999,5573.75
8,"fish_oil",1999,5573.75
5,"fish_oil",1999,5573.75
7,"fish_oil",1999,5573.75
10,"fish_oil",1999,5573.75
3,"fish_oil",1999,5573.75
2,"fish_oil",2000,7558.25
9,"fish_oil",2000,7558.25
6,"fish_oil",2000,7558.25
1,"fish_oil",2000,7558.25
4,"fish_oil",2000,7558.25
8,"fish_oil",2000,7558.25
5,"fish_oil",2000,7558.25
7,"fish_oil",2000,7558.25
10,"fish_oil",2000,7558.25
3,"fish_oil",2000,7558.25
2,"fish_oil",2001,8805.5
9,"fish_oil",2001,8805.5
6,"fish_oil",2001,8805.5
1,"fish_oil",2001,8805.5
4,"fish_oil",2001,8805.5
8,"fish_oil",2001,8805.5
5,"fish_oil",2001,8805.5
7,"fish_oil",2001,8805.5
10,"fish_oil",2001,8805.5
3,"fish_oil",2001,8805.5
2,"fish_oil",2002,9466.5
9,"fish_oil",2002,9466.5
6,"fish_oil",2002,9466.5
1,"fish_oil",2002,9466.5
4,"fish_oil",2002,9466.5
8,"fish_oil",2002,9466.5
5,"fish_oil",2002,9466.5
7,"fish_oil",2002,9466.5
10,"fish_oil",2002,9466.5
3,"fish_oil",2002,9466.5
2,"fish_oil",2003,9375.75
9,"fish_oil",2003,9375.75
6,"fish_oil",2003,9375.75
1,"fish_oil",2003,9375.75
4,"fish_oil",2003,9375.75
8,"fish_oil",2003,9375.75
5,"fish_oil",2003,9375.75
7,"fish_oil",2003,9375.75
10,"fish_oil",2003,9375.75
3,"fish_oil",2003,9375.75
2,"fish_oil",2004,9674
9,"fish_oil",2004,9674
6,"fish_oil",2004,9674
1,"fish_oil",2004,9674
4,"fish_oil",2004,9674
8,"fish_oil",2004,9674
5,"fish_oil",2004,9674
7,"fish_oil",2004,9674
10,"fish_oil",2004,9674
3,"fish_oil",2004,9674
2,"fish_oil",2005,12814
9,"fish_oil",2005,12814
6,"fish_oil",2005,12814
1,"fish_oil",2005,12814
4,"fish_oil",2005,12814
8,"fish_oil",2005,12814
5,"fish_oil",2005,12814
7,"fish_oil",2005,12814
10,"fish_oil",2005,12814
3,"fish_oil",2005,12814
2,"fish_oil",2006,19609
9,"fish_oil",2006,19609
6,"fish_oil",2006,19609
1,"fish_oil",2006,19609
4,"fish_oil",2006,19609
8,"fish_oil",2006,19609
5,"fish_oil",2006,19609
7,"fish_oil",2006,19609
10,"fish_oil",2006,19609
3,"fish_oil",2006,19609
2,"fish_oil",2007,20533
9,"fish_oil",2007,20533
6,"fish_oil",2007,20533
1,"fish_oil",2007,20533
4,"fish_oil",2007,20533
8,"fish_oil",2007,20533
5,"fish_oil",2007,20533
7,"fish_oil",2007,20533
10,"fish_oil",2007,20533
3,"fish_oil",2007,20533
2,"fish_oil",2008,19564
9,"fish_oil",2008,19564
6,"fish_oil",2008,19564
1,"fish_oil",2008,19564
4,"fish_oil",2008,19564
8,"fish_oil",2008,19564
5,"fish_oil",2008,19564
7,"fish_oil",2008,19564
10,"fish_oil",2008,19564
3,"fish_oil",2008,19564
2,"fish_oil",2009,17282
9,"fish_oil",2009,17282
6,"fish_oil",2009,17282
1,"fish_oil",2009,17282
4,"fish_oil",2009,17282
8,"fish_oil",2009,17282
5,"fish_oil",2009,17282
7,"fish_oil",2009,17282
10,"fish_oil",2009,17282
3,"fish_oil",2009,17282
2,"fish_oil",2010,11677
9,"fish_oil",2010,11677
6,"fish_oil",2010,11677
1,"fish_oil",2010,11677
4,"fish_oil",2010,11677
8,"fish_oil",2010,11677
5,"fish_oil",2010,11677
7,"fish_oil",2010,11677
10,"fish_oil",2010,11677
3,"fish_oil",2010,11677
2,"fish_oil",2011,11580.5
9,"fish_oil",2011,11580.5
6,"fish_oil",2011,11580.5
1,"fish_oil",2011,11580.5
4,"fish_oil",2011,11580.5
8,"fish_oil",2011,11580.5
5,"fish_oil",2011,11580.5
7,"fish_oil",2011,11580.5
10,"fish_oil",2011,11580.5
3,"fish_oil",2011,11580.5
2,"ornamentals",1977,18
9,"ornamentals",1977,18
6,"ornamentals",1977,18
1,"ornamentals",1977,18
4,"ornamentals",1977,18
8,"ornamentals",1977,18
5,"ornamentals",1977,18
7,"ornamentals",1977,18
10,"ornamentals",1977,18
3,"ornamentals",1977,18
2,"ornamentals",1978,14
9,"ornamentals",1978,14
6,"ornamentals",1978,14
1,"ornamentals",1978,14
4,"ornamentals",1978,14
8,"ornamentals",1978,14
5,"ornamentals",1978,14
7,"ornamentals",1978,14
10,"ornamentals",1978,14
3,"ornamentals",1978,14
2,"ornamentals",1979,1.25
9,"ornamentals",1979,1.25
6,"ornamentals",1979,1.25
1,"ornamentals",1979,1.25
4,"ornamentals",1979,1.25
8,"ornamentals",1979,1.25
5,"ornamentals",1979,1.25
7,"ornamentals",1979,1.25
10,"ornamentals",1979,1.25
3,"ornamentals",1979,1.25
2,"ornamentals",1980,0.75
9,"ornamentals",1980,0.75
6,"ornamentals",1980,0.75
1,"ornamentals",1980,0.75
4,"ornamentals",1980,0.75
8,"ornamentals",1980,0.75
5,"ornamentals",1980,0.75
7,"ornamentals",1980,0.75
10,"ornamentals",1980,0.75
3,"ornamentals",1980,0.75
2,"ornamentals",1981,0.5
9,"ornamentals",1981,0.5
6,"ornamentals",1981,0.5
1,"ornamentals",1981,0.5
4,"ornamentals",1981,0.5
8,"ornamentals",1981,0.5
5,"ornamentals",1981,0.5
7,"ornamentals",1981,0.5
10,"ornamentals",1981,0.5
3,"ornamentals",1981,0.5
2,"ornamentals",1982,0
9,"ornamentals",1982,0
6,"ornamentals",1982,0
1,"ornamentals",1982,0
4,"ornamentals",1982,0
8,"ornamentals",1982,0
5,"ornamentals",1982,0
7,"ornamentals",1982,0
10,"ornamentals",1982,0
3,"ornamentals",1982,0
2,"ornamentals",1983,0
9,"ornamentals",1983,0
6,"ornamentals",1983,0
1,"ornamentals",1983,0
4,"ornamentals",1983,0
8,"ornamentals",1983,0
5,"ornamentals",1983,0
7,"ornamentals",1983,0
10,"ornamentals",1983,0
3,"ornamentals",1983,0
2,"ornamentals",1984,0
9,"ornamentals",1984,0
6,"ornamentals",1984,0
1,"ornamentals",1984,0
4,"ornamentals",1984,0
8,"ornamentals",1984,0
5,"ornamentals",1984,0
7,"ornamentals",1984,0
10,"ornamentals",1984,0
3,"ornamentals",1984,0
2,"ornamentals",1985,0.5
9,"ornamentals",1985,0.5
6,"ornamentals",1985,0.5
1,"ornamentals",1985,0.5
4,"ornamentals",1985,0.5
8,"ornamentals",1985,0.5
5,"ornamentals",1985,0.5
7,"ornamentals",1985,0.5
10,"ornamentals",1985,0.5
3,"ornamentals",1985,0.5
2,"ornamentals",1986,0.5
9,"ornamentals",1986,0.5
6,"ornamentals",1986,0.5
1,"ornamentals",1986,0.5
4,"ornamentals",1986,0.5
8,"ornamentals",1986,0.5
5,"ornamentals",1986,0.5
7,"ornamentals",1986,0.5
10,"ornamentals",1986,0.5
3,"ornamentals",1986,0.5
2,"ornamentals",1987,0.75
9,"ornamentals",1987,0.75
6,"ornamentals",1987,0.75
1,"ornamentals",1987,0.75
4,"ornamentals",1987,0.75
8,"ornamentals",1987,0.75
5,"ornamentals",1987,0.75
7,"ornamentals",1987,0.75
10,"ornamentals",1987,0.75
3,"ornamentals",1987,0.75
2,"ornamentals",1988,6
9,"ornamentals",1988,6
6,"ornamentals",1988,6
1,"ornamentals",1988,6
4,"ornamentals",1988,6
8,"ornamentals",1988,6
5,"ornamentals",1988,6
7,"ornamentals",1988,6
10,"ornamentals",1988,6
3,"ornamentals",1988,6
2,"ornamentals",1989,6
9,"ornamentals",1989,6
6,"ornamentals",1989,6
1,"ornamentals",1989,6
4,"ornamentals",1989,6
8,"ornamentals",1989,6
5,"ornamentals",1989,6
7,"ornamentals",1989,6
10,"ornamentals",1989,6
3,"ornamentals",1989,6
2,"ornamentals",1990,37.25
9,"ornamentals",1990,37.25
6,"ornamentals",1990,37.25
1,"ornamentals",1990,37.25
4,"ornamentals",1990,37.25
8,"ornamentals",1990,37.25
5,"ornamentals",1990,37.25
7,"ornamentals",1990,37.25
10,"ornamentals",1990,37.25
3,"ornamentals",1990,37.25
2,"ornamentals",1991,517.5
9,"ornamentals",1991,517.5
6,"ornamentals",1991,517.5
1,"ornamentals",1991,517.5
4,"ornamentals",1991,517.5
8,"ornamentals",1991,517.5
5,"ornamentals",1991,517.5
7,"ornamentals",1991,517.5
10,"ornamentals",1991,517.5
3,"ornamentals",1991,517.5
2,"ornamentals",1992,627.5
9,"ornamentals",1992,627.5
6,"ornamentals",1992,627.5
1,"ornamentals",1992,627.5
4,"ornamentals",1992,627.5
8,"ornamentals",1992,627.5
5,"ornamentals",1992,627.5
7,"ornamentals",1992,627.5
10,"ornamentals",1992,627.5
3,"ornamentals",1992,627.5
2,"ornamentals",1993,770
9,"ornamentals",1993,770
6,"ornamentals",1993,770
1,"ornamentals",1993,770
4,"ornamentals",1993,770
8,"ornamentals",1993,770
5,"ornamentals",1993,770
7,"ornamentals",1993,770
10,"ornamentals",1993,770
3,"ornamentals",1993,770
2,"ornamentals",1994,1574.5
9,"ornamentals",1994,1574.5
6,"ornamentals",1994,1574.5
1,"ornamentals",1994,1574.5
4,"ornamentals",1994,1574.5
8,"ornamentals",1994,1574.5
5,"ornamentals",1994,1574.5
7,"ornamentals",1994,1574.5
10,"ornamentals",1994,1574.5
3,"ornamentals",1994,1574.5
2,"ornamentals",1995,1305.25
9,"ornamentals",1995,1305.25
6,"ornamentals",1995,1305.25
1,"ornamentals",1995,1305.25
4,"ornamentals",1995,1305.25
8,"ornamentals",1995,1305.25
5,"ornamentals",1995,1305.25
7,"ornamentals",1995,1305.25
10,"ornamentals",1995,1305.25
3,"ornamentals",1995,1305.25
2,"ornamentals",1996,1396.75
9,"ornamentals",1996,1396.75
6,"ornamentals",1996,1396.75
1,"ornamentals",1996,1396.75
4,"ornamentals",1996,1396.75
8,"ornamentals",1996,1396.75
5,"ornamentals",1996,1396.75
7,"ornamentals",1996,1396.75
10,"ornamentals",1996,1396.75
3,"ornamentals",1996,1396.75
2,"ornamentals",1997,1482.25
9,"ornamentals",1997,1482.25
6,"ornamentals",1997,1482.25
1,"ornamentals",1997,1482.25
4,"ornamentals",1997,1482.25
8,"ornamentals",1997,1482.25
5,"ornamentals",1997,1482.25
7,"ornamentals",1997,1482.25
10,"ornamentals",1997,1482.25
3,"ornamentals",1997,1482.25
2,"ornamentals",1998,920
9,"ornamentals",1998,920
6,"ornamentals",1998,920
1,"ornamentals",1998,920
4,"ornamentals",1998,920
8,"ornamentals",1998,920
5,"ornamentals",1998,920
7,"ornamentals",1998,920
10,"ornamentals",1998,920
3,"ornamentals",1998,920
2,"ornamentals",1999,1130.75
9,"ornamentals",1999,1130.75
6,"ornamentals",1999,1130.75
1,"ornamentals",1999,1130.75
4,"ornamentals",1999,1130.75
8,"ornamentals",1999,1130.75
5,"ornamentals",1999,1130.75
7,"ornamentals",1999,1130.75
10,"ornamentals",1999,1130.75
3,"ornamentals",1999,1130.75
2,"ornamentals",2000,1166.25
9,"ornamentals",2000,1166.25
6,"ornamentals",2000,1166.25
1,"ornamentals",2000,1166.25
4,"ornamentals",2000,1166.25
8,"ornamentals",2000,1166.25
5,"ornamentals",2000,1166.25
7,"ornamentals",2000,1166.25
10,"ornamentals",2000,1166.25
3,"ornamentals",2000,1166.25
2,"ornamentals",2001,3349.25
9,"ornamentals",2001,3349.25
6,"ornamentals",2001,3349.25
1,"ornamentals",2001,3349.25
4,"ornamentals",2001,3349.25
8,"ornamentals",2001,3349.25
5,"ornamentals",2001,3349.25
7,"ornamentals",2001,3349.25
10,"ornamentals",2001,3349.25
3,"ornamentals",2001,3349.25
2,"ornamentals",2002,6710.5
9,"ornamentals",2002,6710.5
6,"ornamentals",2002,6710.5
1,"ornamentals",2002,6710.5
4,"ornamentals",2002,6710.5
8,"ornamentals",2002,6710.5
5,"ornamentals",2002,6710.5
7,"ornamentals",2002,6710.5
10,"ornamentals",2002,6710.5
3,"ornamentals",2002,6710.5
2,"ornamentals",2003,10286.5
9,"ornamentals",2003,10286.5
6,"ornamentals",2003,10286.5
1,"ornamentals",2003,10286.5
4,"ornamentals",2003,10286.5
8,"ornamentals",2003,10286.5
5,"ornamentals",2003,10286.5
7,"ornamentals",2003,10286.5
10,"ornamentals",2003,10286.5
3,"ornamentals",2003,10286.5
2,"ornamentals",2004,16439
9,"ornamentals",2004,16439
6,"ornamentals",2004,16439
1,"ornamentals",2004,16439
4,"ornamentals",2004,16439
8,"ornamentals",2004,16439
5,"ornamentals",2004,16439
7,"ornamentals",2004,16439
10,"ornamentals",2004,16439
3,"ornamentals",2004,16439
2,"ornamentals",2005,21235.25
9,"ornamentals",2005,21235.25
6,"ornamentals",2005,21235.25
1,"ornamentals",2005,21235.25
4,"ornamentals",2005,21235.25
8,"ornamentals",2005,21235.25
5,"ornamentals",2005,21235.25
7,"ornamentals",2005,21235.25
10,"ornamentals",2005,21235.25
3,"ornamentals",2005,21235.25
2,"ornamentals",2006,24547
9,"ornamentals",2006,24547
6,"ornamentals",2006,24547
1,"ornamentals",2006,24547
4,"ornamentals",2006,24547
8,"ornamentals",2006,24547
5,"ornamentals",2006,24547
7,"ornamentals",2006,24547
10,"ornamentals",2006,24547
3,"ornamentals",2006,24547
2,"ornamentals",2007,31464
9,"ornamentals",2007,31464
6,"ornamentals",2007,31464
1,"ornamentals",2007,31464
4,"ornamentals",2007,31464
8,"ornamentals",2007,31464
5,"ornamentals",2007,31464
7,"ornamentals",2007,31464
10,"ornamentals",2007,31464
3,"ornamentals",2007,31464
2,"ornamentals",2008,33841
9,"ornamentals",2008,33841
6,"ornamentals",2008,33841
1,"ornamentals",2008,33841
4,"ornamentals",2008,33841
8,"ornamentals",2008,33841
5,"ornamentals",2008,33841
7,"ornamentals",2008,33841
10,"ornamentals",2008,33841
3,"ornamentals",2008,33841
2,"ornamentals",2009,42245.5
9,"ornamentals",2009,42245.5
6,"ornamentals",2009,42245.5
1,"ornamentals",2009,42245.5
4,"ornamentals",2009,42245.5
8,"ornamentals",2009,42245.5
5,"ornamentals",2009,42245.5
7,"ornamentals",2009,42245.5
10,"ornamentals",2009,42245.5
3,"ornamentals",2009,42245.5
2,"ornamentals",2010,47065.3333333333
9,"ornamentals",2010,47065.3333333333
6,"ornamentals",2010,47065.3333333333
1,"ornamentals",2010,47065.3333333333
4,"ornamentals",2010,47065.3333333333
8,"ornamentals",2010,47065.3333333333
5,"ornamentals",2010,47065.3333333333
7,"ornamentals",2010,47065.3333333333
10,"ornamentals",2010,47065.3333333333
3,"ornamentals",2010,47065.3333333333
2,"ornamentals",2011,48768
9,"ornamentals",2011,48768
6,"ornamentals",2011,48768
1,"ornamentals",2011,48768
4,"ornamentals",2011,48768
8,"ornamentals",2011,48768
5,"ornamentals",2011,48768
7,"ornamentals",2011,48768
10,"ornamentals",2011,48768
3,"ornamentals",2011,48768
2,"seaweeds",1981,7724.66666666667
9,"seaweeds",1981,7724.66666666667
6,"seaweeds",1981,7724.66666666667
1,"seaweeds",1981,7724.66666666667
4,"seaweeds",1981,7724.66666666667
8,"seaweeds",1981,7724.66666666667
5,"seaweeds",1981,7724.66666666667
7,"seaweeds",1981,7724.66666666667
10,"seaweeds",1981,7724.66666666667
3,"seaweeds",1981,7724.66666666667
2,"seaweeds",1982,5793.5
9,"seaweeds",1982,5793.5
6,"seaweeds",1982,5793.5
1,"seaweeds",1982,5793.5
4,"seaweeds",1982,5793.5
8,"seaweeds",1982,5793.5
5,"seaweeds",1982,5793.5
7,"seaweeds",1982,5793.5
10,"seaweeds",1982,5793.5
3,"seaweeds",1982,5793.5
2,"seaweeds",1983,2787.75
9,"seaweeds",1983,2787.75
6,"seaweeds",1983,2787.75
1,"seaweeds",1983,2787.75
4,"seaweeds",1983,2787.75
8,"seaweeds",1983,2787.75
5,"seaweeds",1983,2787.75
7,"seaweeds",1983,2787.75
10,"seaweeds",1983,2787.75
3,"seaweeds",1983,2787.75
2,"seaweeds",1984,5153.25
9,"seaweeds",1984,5153.25
6,"seaweeds",1984,5153.25
1,"seaweeds",1984,5153.25
4,"seaweeds",1984,5153.25
8,"seaweeds",1984,5153.25
5,"seaweeds",1984,5153.25
7,"seaweeds",1984,5153.25
10,"seaweeds",1984,5153.25
3,"seaweeds",1984,5153.25
2,"seaweeds",1985,5426.75
9,"seaweeds",1985,5426.75
6,"seaweeds",1985,5426.75
1,"seaweeds",1985,5426.75
4,"seaweeds",1985,5426.75
8,"seaweeds",1985,5426.75
5,"seaweeds",1985,5426.75
7,"seaweeds",1985,5426.75
10,"seaweeds",1985,5426.75
3,"seaweeds",1985,5426.75
2,"seaweeds",1986,9233.25
9,"seaweeds",1986,9233.25
6,"seaweeds",1986,9233.25
1,"seaweeds",1986,9233.25
4,"seaweeds",1986,9233.25
8,"seaweeds",1986,9233.25
5,"seaweeds",1986,9233.25
7,"seaweeds",1986,9233.25
10,"seaweeds",1986,9233.25
3,"seaweeds",1986,9233.25
2,"seaweeds",1987,12892.75
9,"seaweeds",1987,12892.75
6,"seaweeds",1987,12892.75
1,"seaweeds",1987,12892.75
4,"seaweeds",1987,12892.75
8,"seaweeds",1987,12892.75
5,"seaweeds",1987,12892.75
7,"seaweeds",1987,12892.75
10,"seaweeds",1987,12892.75
3,"seaweeds",1987,12892.75
2,"seaweeds",1988,10668.25
9,"seaweeds",1988,10668.25
6,"seaweeds",1988,10668.25
1,"seaweeds",1988,10668.25
4,"seaweeds",1988,10668.25
8,"seaweeds",1988,10668.25
5,"seaweeds",1988,10668.25
7,"seaweeds",1988,10668.25
10,"seaweeds",1988,10668.25
3,"seaweeds",1988,10668.25
2,"seaweeds",1989,7907.5
9,"seaweeds",1989,7907.5
6,"seaweeds",1989,7907.5
1,"seaweeds",1989,7907.5
4,"seaweeds",1989,7907.5
8,"seaweeds",1989,7907.5
5,"seaweeds",1989,7907.5
7,"seaweeds",1989,7907.5
10,"seaweeds",1989,7907.5
3,"seaweeds",1989,7907.5
2,"seaweeds",1990,4217
9,"seaweeds",1990,4217
6,"seaweeds",1990,4217
1,"seaweeds",1990,4217
4,"seaweeds",1990,4217
8,"seaweeds",1990,4217
5,"seaweeds",1990,4217
7,"seaweeds",1990,4217
10,"seaweeds",1990,4217
3,"seaweeds",1990,4217
2,"seaweeds",1991,750.5
9,"seaweeds",1991,750.5
6,"seaweeds",1991,750.5
1,"seaweeds",1991,750.5
4,"seaweeds",1991,750.5
8,"seaweeds",1991,750.5
5,"seaweeds",1991,750.5
7,"seaweeds",1991,750.5
10,"seaweeds",1991,750.5
3,"seaweeds",1991,750.5
2,"seaweeds",1992,4003.5
9,"seaweeds",1992,4003.5
6,"seaweeds",1992,4003.5
1,"seaweeds",1992,4003.5
4,"seaweeds",1992,4003.5
8,"seaweeds",1992,4003.5
5,"seaweeds",1992,4003.5
7,"seaweeds",1992,4003.5
10,"seaweeds",1992,4003.5
3,"seaweeds",1992,4003.5
2,"seaweeds",1993,7335.5
9,"seaweeds",1993,7335.5
6,"seaweeds",1993,7335.5
1,"seaweeds",1993,7335.5
4,"seaweeds",1993,7335.5
8,"seaweeds",1993,7335.5
5,"seaweeds",1993,7335.5
7,"seaweeds",1993,7335.5
10,"seaweeds",1993,7335.5
3,"seaweeds",1993,7335.5
2,"seaweeds",1994,12195.25
9,"seaweeds",1994,12195.25
6,"seaweeds",1994,12195.25
1,"seaweeds",1994,12195.25
4,"seaweeds",1994,12195.25
8,"seaweeds",1994,12195.25
5,"seaweeds",1994,12195.25
7,"seaweeds",1994,12195.25
10,"seaweeds",1994,12195.25
3,"seaweeds",1994,12195.25
2,"seaweeds",1995,16148.75
9,"seaweeds",1995,16148.75
6,"seaweeds",1995,16148.75
1,"seaweeds",1995,16148.75
4,"seaweeds",1995,16148.75
8,"seaweeds",1995,16148.75
5,"seaweeds",1995,16148.75
7,"seaweeds",1995,16148.75
10,"seaweeds",1995,16148.75
3,"seaweeds",1995,16148.75
2,"seaweeds",1996,17365.25
9,"seaweeds",1996,17365.25
6,"seaweeds",1996,17365.25
1,"seaweeds",1996,17365.25
4,"seaweeds",1996,17365.25
8,"seaweeds",1996,17365.25
5,"seaweeds",1996,17365.25
7,"seaweeds",1996,17365.25
10,"seaweeds",1996,17365.25
3,"seaweeds",1996,17365.25
2,"seaweeds",1997,16529.5
9,"seaweeds",1997,16529.5
6,"seaweeds",1997,16529.5
1,"seaweeds",1997,16529.5
4,"seaweeds",1997,16529.5
8,"seaweeds",1997,16529.5
5,"seaweeds",1997,16529.5
7,"seaweeds",1997,16529.5
10,"seaweeds",1997,16529.5
3,"seaweeds",1997,16529.5
2,"seaweeds",1998,14892
9,"seaweeds",1998,14892
6,"seaweeds",1998,14892
1,"seaweeds",1998,14892
4,"seaweeds",1998,14892
8,"seaweeds",1998,14892
5,"seaweeds",1998,14892
7,"seaweeds",1998,14892
10,"seaweeds",1998,14892
3,"seaweeds",1998,14892
2,"seaweeds",1999,13350.75
9,"seaweeds",1999,13350.75
6,"seaweeds",1999,13350.75
1,"seaweeds",1999,13350.75
4,"seaweeds",1999,13350.75
8,"seaweeds",1999,13350.75
5,"seaweeds",1999,13350.75
7,"seaweeds",1999,13350.75
10,"seaweeds",1999,13350.75
3,"seaweeds",1999,13350.75
2,"seaweeds",2000,11426.25
9,"seaweeds",2000,11426.25
6,"seaweeds",2000,11426.25
1,"seaweeds",2000,11426.25
4,"seaweeds",2000,11426.25
8,"seaweeds",2000,11426.25
5,"seaweeds",2000,11426.25
7,"seaweeds",2000,11426.25
10,"seaweeds",2000,11426.25
3,"seaweeds",2000,11426.25
2,"seaweeds",2001,12005.25
9,"seaweeds",2001,12005.25
6,"seaweeds",2001,12005.25
1,"seaweeds",2001,12005.25
4,"seaweeds",2001,12005.25
8,"seaweeds",2001,12005.25
5,"seaweeds",2001,12005.25
7,"seaweeds",2001,12005.25
10,"seaweeds",2001,12005.25
3,"seaweeds",2001,12005.25
2,"seaweeds",2002,11972
9,"seaweeds",2002,11972
6,"seaweeds",2002,11972
1,"seaweeds",2002,11972
4,"seaweeds",2002,11972
8,"seaweeds",2002,11972
5,"seaweeds",2002,11972
7,"seaweeds",2002,11972
10,"seaweeds",2002,11972
3,"seaweeds",2002,11972
2,"seaweeds",2003,13669.25
9,"seaweeds",2003,13669.25
6,"seaweeds",2003,13669.25
1,"seaweeds",2003,13669.25
4,"seaweeds",2003,13669.25
8,"seaweeds",2003,13669.25
5,"seaweeds",2003,13669.25
7,"seaweeds",2003,13669.25
10,"seaweeds",2003,13669.25
3,"seaweeds",2003,13669.25
2,"seaweeds",2004,15379.25
9,"seaweeds",2004,15379.25
6,"seaweeds",2004,15379.25
1,"seaweeds",2004,15379.25
4,"seaweeds",2004,15379.25
8,"seaweeds",2004,15379.25
5,"seaweeds",2004,15379.25
7,"seaweeds",2004,15379.25
10,"seaweeds",2004,15379.25
3,"seaweeds",2004,15379.25
2,"seaweeds",2005,17906.5
9,"seaweeds",2005,17906.5
6,"seaweeds",2005,17906.5
1,"seaweeds",2005,17906.5
4,"seaweeds",2005,17906.5
8,"seaweeds",2005,17906.5
5,"seaweeds",2005,17906.5
7,"seaweeds",2005,17906.5
10,"seaweeds",2005,17906.5
3,"seaweeds",2005,17906.5
2,"seaweeds",2006,20361
9,"seaweeds",2006,20361
6,"seaweeds",2006,20361
1,"seaweeds",2006,20361
4,"seaweeds",2006,20361
8,"seaweeds",2006,20361
5,"seaweeds",2006,20361
7,"seaweeds",2006,20361
10,"seaweeds",2006,20361
3,"seaweeds",2006,20361
2,"seaweeds",2007,21487.75
9,"seaweeds",2007,21487.75
6,"seaweeds",2007,21487.75
1,"seaweeds",2007,21487.75
4,"seaweeds",2007,21487.75
8,"seaweeds",2007,21487.75
5,"seaweeds",2007,21487.75
7,"seaweeds",2007,21487.75
10,"seaweeds",2007,21487.75
3,"seaweeds",2007,21487.75
2,"seaweeds",2008,23135
9,"seaweeds",2008,23135
6,"seaweeds",2008,23135
1,"seaweeds",2008,23135
4,"seaweeds",2008,23135
8,"seaweeds",2008,23135
5,"seaweeds",2008,23135
7,"seaweeds",2008,23135
10,"seaweeds",2008,23135
3,"seaweeds",2008,23135
2,"seaweeds",2009,23376.5
9,"seaweeds",2009,23376.5
6,"seaweeds",2009,23376.5
1,"seaweeds",2009,23376.5
4,"seaweeds",2009,23376.5
8,"seaweeds",2009,23376.5
5,"seaweeds",2009,23376.5
7,"seaweeds",2009,23376.5
10,"seaweeds",2009,23376.5
3,"seaweeds",2009,23376.5
2,"seaweeds",2010,23489.3333333333
9,"seaweeds",2010,23489.3333333333
6,"seaweeds",2010,23489.3333333333
1,"seaweeds",2010,23489.3333333333
4,"seaweeds",2010,23489.3333333333
8,"seaweeds",2010,23489.3333333333
5,"seaweeds",2010,23489.3333333333
7,"seaweeds",2010,23489.3333333333
10,"seaweeds",2010,23489.3333333333
3,"seaweeds",2010,23489.3333333333
2,"seaweeds",2011,24375.5
9,"seaweeds",2011,24375.5
6,"seaweeds",2011,24375.5
1,"seaweeds",2011,24375.5
4,"seaweeds",2011,24375.5
8,"seaweeds",2011,24375.5
5,"seaweeds",2011,24375.5
7,"seaweeds",2011,24375.5
10,"seaweeds",2011,24375.5
3,"seaweeds",2011,24375.5
2,"shells",1981,63.3333333333333
9,"shells",1981,63.3333333333333
6,"shells",1981,63.3333333333333
1,"shells",1981,63.3333333333333
4,"shells",1981,63.3333333333333
8,"shells",1981,63.3333333333333
5,"shells",1981,63.3333333333333
7,"shells",1981,63.3333333333333
10,"shells",1981,63.3333333333333
3,"shells",1981,63.3333333333333
2,"shells",1982,72.25
9,"shells",1982,72.25
6,"shells",1982,72.25
1,"shells",1982,72.25
4,"shells",1982,72.25
8,"shells",1982,72.25
5,"shells",1982,72.25
7,"shells",1982,72.25
10,"shells",1982,72.25
3,"shells",1982,72.25
2,"shells",1983,73.5
9,"shells",1983,73.5
6,"shells",1983,73.5
1,"shells",1983,73.5
4,"shells",1983,73.5
8,"shells",1983,73.5
5,"shells",1983,73.5
7,"shells",1983,73.5
10,"shells",1983,73.5
3,"shells",1983,73.5
2,"shells",1984,62.5
9,"shells",1984,62.5
6,"shells",1984,62.5
1,"shells",1984,62.5
4,"shells",1984,62.5
8,"shells",1984,62.5
5,"shells",1984,62.5
7,"shells",1984,62.5
10,"shells",1984,62.5
3,"shells",1984,62.5
2,"shells",1985,80
9,"shells",1985,80
6,"shells",1985,80
1,"shells",1985,80
4,"shells",1985,80
8,"shells",1985,80
5,"shells",1985,80
7,"shells",1985,80
10,"shells",1985,80
3,"shells",1985,80
2,"shells",1986,442.25
9,"shells",1986,442.25
6,"shells",1986,442.25
1,"shells",1986,442.25
4,"shells",1986,442.25
8,"shells",1986,442.25
5,"shells",1986,442.25
7,"shells",1986,442.25
10,"shells",1986,442.25
3,"shells",1986,442.25
2,"shells",1987,652.25
9,"shells",1987,652.25
6,"shells",1987,652.25
1,"shells",1987,652.25
4,"shells",1987,652.25
8,"shells",1987,652.25
5,"shells",1987,652.25
7,"shells",1987,652.25
10,"shells",1987,652.25
3,"shells",1987,652.25
2,"shells",1988,948.5
9,"shells",1988,948.5
6,"shells",1988,948.5
1,"shells",1988,948.5
4,"shells",1988,948.5
8,"shells",1988,948.5
5,"shells",1988,948.5
7,"shells",1988,948.5
10,"shells",1988,948.5
3,"shells",1988,948.5
2,"shells",1989,1157.75
9,"shells",1989,1157.75
6,"shells",1989,1157.75
1,"shells",1989,1157.75
4,"shells",1989,1157.75
8,"shells",1989,1157.75
5,"shells",1989,1157.75
7,"shells",1989,1157.75
10,"shells",1989,1157.75
3,"shells",1989,1157.75
2,"shells",1990,903.25
9,"shells",1990,903.25
6,"shells",1990,903.25
1,"shells",1990,903.25
4,"shells",1990,903.25
8,"shells",1990,903.25
5,"shells",1990,903.25
7,"shells",1990,903.25
10,"shells",1990,903.25
3,"shells",1990,903.25
2,"shells",1991,691
9,"shells",1991,691
6,"shells",1991,691
1,"shells",1991,691
4,"shells",1991,691
8,"shells",1991,691
5,"shells",1991,691
7,"shells",1991,691
10,"shells",1991,691
3,"shells",1991,691
2,"shells",1992,417.75
9,"shells",1992,417.75
6,"shells",1992,417.75
1,"shells",1992,417.75
4,"shells",1992,417.75
8,"shells",1992,417.75
5,"shells",1992,417.75
7,"shells",1992,417.75
10,"shells",1992,417.75
3,"shells",1992,417.75
2,"shells",1993,198.25
9,"shells",1993,198.25
6,"shells",1993,198.25
1,"shells",1993,198.25
4,"shells",1993,198.25
8,"shells",1993,198.25
5,"shells",1993,198.25
7,"shells",1993,198.25
10,"shells",1993,198.25
3,"shells",1993,198.25
2,"shells",1994,114.75
9,"shells",1994,114.75
6,"shells",1994,114.75
1,"shells",1994,114.75
4,"shells",1994,114.75
8,"shells",1994,114.75
5,"shells",1994,114.75
7,"shells",1994,114.75
10,"shells",1994,114.75
3,"shells",1994,114.75
2,"shells",1995,124.75
9,"shells",1995,124.75
6,"shells",1995,124.75
1,"shells",1995,124.75
4,"shells",1995,124.75
8,"shells",1995,124.75
5,"shells",1995,124.75
7,"shells",1995,124.75
10,"shells",1995,124.75
3,"shells",1995,124.75
2,"shells",1996,105.5
9,"shells",1996,105.5
6,"shells",1996,105.5
1,"shells",1996,105.5
4,"shells",1996,105.5
8,"shells",1996,105.5
5,"shells",1996,105.5
7,"shells",1996,105.5
10,"shells",1996,105.5
3,"shells",1996,105.5
2,"shells",1997,123.5
9,"shells",1997,123.5
6,"shells",1997,123.5
1,"shells",1997,123.5
4,"shells",1997,123.5
8,"shells",1997,123.5
5,"shells",1997,123.5
7,"shells",1997,123.5
10,"shells",1997,123.5
3,"shells",1997,123.5
2,"shells",1998,95
9,"shells",1998,95
6,"shells",1998,95
1,"shells",1998,95
4,"shells",1998,95
8,"shells",1998,95
5,"shells",1998,95
7,"shells",1998,95
10,"shells",1998,95
3,"shells",1998,95
2,"shells",1999,103
9,"shells",1999,103
6,"shells",1999,103
1,"shells",1999,103
4,"shells",1999,103
8,"shells",1999,103
5,"shells",1999,103
7,"shells",1999,103
10,"shells",1999,103
3,"shells",1999,103
2,"shells",2000,122.75
9,"shells",2000,122.75
6,"shells",2000,122.75
1,"shells",2000,122.75
4,"shells",2000,122.75
8,"shells",2000,122.75
5,"shells",2000,122.75
7,"shells",2000,122.75
10,"shells",2000,122.75
3,"shells",2000,122.75
2,"shells",2001,147.25
9,"shells",2001,147.25
6,"shells",2001,147.25
1,"shells",2001,147.25
4,"shells",2001,147.25
8,"shells",2001,147.25
5,"shells",2001,147.25
7,"shells",2001,147.25
10,"shells",2001,147.25
3,"shells",2001,147.25
2,"shells",2002,225.25
9,"shells",2002,225.25
6,"shells",2002,225.25
1,"shells",2002,225.25
4,"shells",2002,225.25
8,"shells",2002,225.25
5,"shells",2002,225.25
7,"shells",2002,225.25
10,"shells",2002,225.25
3,"shells",2002,225.25
2,"shells",2003,259
9,"shells",2003,259
6,"shells",2003,259
1,"shells",2003,259
4,"shells",2003,259
8,"shells",2003,259
5,"shells",2003,259
7,"shells",2003,259
10,"shells",2003,259
3,"shells",2003,259
2,"shells",2004,263.5
9,"shells",2004,263.5
6,"shells",2004,263.5
1,"shells",2004,263.5
4,"shells",2004,263.5
8,"shells",2004,263.5
5,"shells",2004,263.5
7,"shells",2004,263.5
10,"shells",2004,263.5
3,"shells",2004,263.5
2,"shells",2005,229
9,"shells",2005,229
6,"shells",2005,229
1,"shells",2005,229
4,"shells",2005,229
8,"shells",2005,229
5,"shells",2005,229
7,"shells",2005,229
10,"shells",2005,229
3,"shells",2005,229
2,"shells",2006,177.25
9,"shells",2006,177.25
6,"shells",2006,177.25
1,"shells",2006,177.25
4,"shells",2006,177.25
8,"shells",2006,177.25
5,"shells",2006,177.25
7,"shells",2006,177.25
10,"shells",2006,177.25
3,"shells",2006,177.25
2,"shells",2007,149.5
9,"shells",2007,149.5
6,"shells",2007,149.5
1,"shells",2007,149.5
4,"shells",2007,149.5
8,"shells",2007,149.5
5,"shells",2007,149.5
7,"shells",2007,149.5
10,"shells",2007,149.5
3,"shells",2007,149.5
2,"shells",2008,140.25
9,"shells",2008,140.25
6,"shells",2008,140.25
1,"shells",2008,140.25
4,"shells",2008,140.25
8,"shells",2008,140.25
5,"shells",2008,140.25
7,"shells",2008,140.25
10,"shells",2008,140.25
3,"shells",2008,140.25
2,"shells",2009,177.25
9,"shells",2009,177.25
6,"shells",2009,177.25
1,"shells",2009,177.25
4,"shells",2009,177.25
8,"shells",2009,177.25
5,"shells",2009,177.25
7,"shells",2009,177.25
10,"shells",2009,177.25
3,"shells",2009,177.25
2,"shells",2010,174
9,"shells",2010,174
6,"shells",2010,174
1,"shells",2010,174
4,"shells",2010,174
8,"shells",2010,174
5,"shells",2010,174
7,"shells",2010,174
10,"shells",2010,174
3,"shells",2010,174
2,"shells",2011,190.5
9,"shells",2011,190.5
6,"shells",2011,190.5
1,"shells",2011,190.5
4,"shells",2011,190.5
8,"shells",2011,190.5
5,"shells",2011,190.5
7,"shells",2011,190.5
10,"shells",2011,190.5
3,"shells",2011,190.5
2,"sponges",1990,83.6666666666667
9,"sponges",1990,83.6666666666667
6,"sponges",1990,83.6666666666667
1,"sponges",1990,83.6666666666667
4,"sponges",1990,83.6666666666667
8,"sponges",1990,83.6666666666667
5,"sponges",1990,83.6666666666667
7,"sponges",1990,83.6666666666667
10,"sponges",1990,83.6666666666667
3,"sponges",1990,83.6666666666667
2,"sponges",1991,69.25
9,"sponges",1991,69.25
6,"sponges",1991,69.25
1,"sponges",1991,69.25
4,"sponges",1991,69.25
8,"sponges",1991,69.25
5,"sponges",1991,69.25
7,"sponges",1991,69.25
10,"sponges",1991,69.25
3,"sponges",1991,69.25
2,"sponges",1992,110.75
9,"sponges",1992,110.75
6,"sponges",1992,110.75
1,"sponges",1992,110.75
4,"sponges",1992,110.75
8,"sponges",1992,110.75
5,"sponges",1992,110.75
7,"sponges",1992,110.75
10,"sponges",1992,110.75
3,"sponges",1992,110.75
2,"sponges",1993,134.75
9,"sponges",1993,134.75
6,"sponges",1993,134.75
1,"sponges",1993,134.75
4,"sponges",1993,134.75
8,"sponges",1993,134.75
5,"sponges",1993,134.75
7,"sponges",1993,134.75
10,"sponges",1993,134.75
3,"sponges",1993,134.75
2,"sponges",1994,186.25
9,"sponges",1994,186.25
6,"sponges",1994,186.25
1,"sponges",1994,186.25
4,"sponges",1994,186.25
8,"sponges",1994,186.25
5,"sponges",1994,186.25
7,"sponges",1994,186.25
10,"sponges",1994,186.25
3,"sponges",1994,186.25
2,"sponges",1995,281.25
9,"sponges",1995,281.25
6,"sponges",1995,281.25
1,"sponges",1995,281.25
4,"sponges",1995,281.25
8,"sponges",1995,281.25
5,"sponges",1995,281.25
7,"sponges",1995,281.25
10,"sponges",1995,281.25
3,"sponges",1995,281.25
2,"sponges",1996,258
9,"sponges",1996,258
6,"sponges",1996,258
1,"sponges",1996,258
4,"sponges",1996,258
8,"sponges",1996,258
5,"sponges",1996,258
7,"sponges",1996,258
10,"sponges",1996,258
3,"sponges",1996,258
2,"sponges",1997,254
9,"sponges",1997,254
6,"sponges",1997,254
1,"sponges",1997,254
4,"sponges",1997,254
8,"sponges",1997,254
5,"sponges",1997,254
7,"sponges",1997,254
10,"sponges",1997,254
3,"sponges",1997,254
2,"sponges",1998,222.5
9,"sponges",1998,222.5
6,"sponges",1998,222.5
1,"sponges",1998,222.5
4,"sponges",1998,222.5
8,"sponges",1998,222.5
5,"sponges",1998,222.5
7,"sponges",1998,222.5
10,"sponges",1998,222.5
3,"sponges",1998,222.5
2,"sponges",1999,157
9,"sponges",1999,157
6,"sponges",1999,157
1,"sponges",1999,157
4,"sponges",1999,157
8,"sponges",1999,157
5,"sponges",1999,157
7,"sponges",1999,157
10,"sponges",1999,157
3,"sponges",1999,157
2,"sponges",2000,142.25
9,"sponges",2000,142.25
6,"sponges",2000,142.25
1,"sponges",2000,142.25
4,"sponges",2000,142.25
8,"sponges",2000,142.25
5,"sponges",2000,142.25
7,"sponges",2000,142.25
10,"sponges",2000,142.25
3,"sponges",2000,142.25
2,"sponges",2001,112.25
9,"sponges",2001,112.25
6,"sponges",2001,112.25
1,"sponges",2001,112.25
4,"sponges",2001,112.25
8,"sponges",2001,112.25
5,"sponges",2001,112.25
7,"sponges",2001,112.25
10,"sponges",2001,112.25
3,"sponges",2001,112.25
2,"sponges",2002,105.75
9,"sponges",2002,105.75
6,"sponges",2002,105.75
1,"sponges",2002,105.75
4,"sponges",2002,105.75
8,"sponges",2002,105.75
5,"sponges",2002,105.75
7,"sponges",2002,105.75
10,"sponges",2002,105.75
3,"sponges",2002,105.75
2,"sponges",2003,88.75
9,"sponges",2003,88.75
6,"sponges",2003,88.75
1,"sponges",2003,88.75
4,"sponges",2003,88.75
8,"sponges",2003,88.75
5,"sponges",2003,88.75
7,"sponges",2003,88.75
10,"sponges",2003,88.75
3,"sponges",2003,88.75
2,"sponges",2004,89.25
9,"sponges",2004,89.25
6,"sponges",2004,89.25
1,"sponges",2004,89.25
4,"sponges",2004,89.25
8,"sponges",2004,89.25
5,"sponges",2004,89.25
7,"sponges",2004,89.25
10,"sponges",2004,89.25
3,"sponges",2004,89.25
2,"sponges",2005,2086.5
9,"sponges",2005,2086.5
6,"sponges",2005,2086.5
1,"sponges",2005,2086.5
4,"sponges",2005,2086.5
8,"sponges",2005,2086.5
5,"sponges",2005,2086.5
7,"sponges",2005,2086.5
10,"sponges",2005,2086.5
3,"sponges",2005,2086.5
2,"sponges",2006,4536.75
9,"sponges",2006,4536.75
6,"sponges",2006,4536.75
1,"sponges",2006,4536.75
4,"sponges",2006,4536.75
8,"sponges",2006,4536.75
5,"sponges",2006,4536.75
7,"sponges",2006,4536.75
10,"sponges",2006,4536.75
3,"sponges",2006,4536.75
2,"sponges",2007,7177.75
9,"sponges",2007,7177.75
6,"sponges",2007,7177.75
1,"sponges",2007,7177.75
4,"sponges",2007,7177.75
8,"sponges",2007,7177.75
5,"sponges",2007,7177.75
7,"sponges",2007,7177.75
10,"sponges",2007,7177.75
3,"sponges",2007,7177.75
2,"sponges",2008,9374.75
9,"sponges",2008,9374.75
6,"sponges",2008,9374.75
1,"sponges",2008,9374.75
4,"sponges",2008,9374.75
8,"sponges",2008,9374.75
5,"sponges",2008,9374.75
7,"sponges",2008,9374.75
10,"sponges",2008,9374.75
3,"sponges",2008,9374.75
2,"sponges",2009,9538
9,"sponges",2009,9538
6,"sponges",2009,9538
1,"sponges",2009,9538
4,"sponges",2009,9538
8,"sponges",2009,9538
5,"sponges",2009,9538
7,"sponges",2009,9538
10,"sponges",2009,9538
3,"sponges",2009,9538
2,"sponges",2010,9410
9,"sponges",2010,9410
6,"sponges",2010,9410
1,"sponges",2010,9410
4,"sponges",2010,9410
8,"sponges",2010,9410
5,"sponges",2010,9410
7,"sponges",2010,9410
10,"sponges",2010,9410
3,"sponges",2010,9410
2,"sponges",2011,8795
9,"sponges",2011,8795
6,"sponges",2011,8795
1,"sponges",2011,8795
4,"sponges",2011,8795
8,"sponges",2011,8795
5,"sponges",2011,8795
7,"sponges",2011,8795
10,"sponges",2011,8795
3,"sponges",2011,8795
